Metric,Value
accuracy,1.0000
precision_macro,1.0000
recall_macro,1.0000
f1_macro,1.0000
precision_micro,1.0000
recall_micro,1.0000
f1_micro,1.0000
precision_weighted,1.0000
recall_weighted,1.0000
f1_weighted,1.0000

Class,Accuracy,Precision,Recall,F1-Score
stand,1.0000,1.0000,1.0000,1.0000
walk,1.0000,1.0000,1.0000,1.0000
run,1.0000,1.0000,1.0000,1.0000
jump,1.0000,1.0000,1.0000,1.0000
sit,1.0000,1.0000,1.0000,1.0000
squat,1.0000,1.0000,1.0000,1.0000
kick,1.0000,1.0000,1.0000,1.0000
punch,1.0000,1.0000,1.0000,1.0000
wave,1.0000,1.0000,1.0000,1.0000
